{
  "orders": [
    {
      "id": "70e1",
      "order_items": [
        {
          "id": "aglaonema",
          "name": "Aglaonema",
          "price": 15,
          "imageUrl": "https://user-images.githubusercontent.com/118732445/203823558-15336f0e-0d89-409d-bc00-b259ae243d73.jpg"
        },
        {
          "id": "parlourPalm",
          "name": "Parlour Palm",
          "price": 8,
          "imageUrl": "https://user-images.githubusercontent.com/118732445/203822381-ecdca485-6a42-4ee7-8956-93353e39f017.jpg"
        }
      ],
      "order_total": 23
    },
    {
      "id": "e0a8",
      "order_items": [
        {
          "id": "miniPine",
          "name": "Mini Pine",
          "price": 22,
          "imageUrl": "https://user-images.githubusercontent.com/118732445/203820531-0d24e8aa-0314-490b-bc0d-f3aa2e7c0f51.jpg"
        },
        {
          "id": "appleCactus",
          "name": "Apple Cactus",
          "price": 12,
          "imageUrl": "https://user-images.githubusercontent.com/118732445/203812745-c6d7dad7-5ddc-4513-8004-e348b7739d78.jpg"
        },
        {
          "id": "philodendron",
          "name": "Philodendron",
          "price": 14,
          "imageUrl": "https://user-images.githubusercontent.com/118732445/203823102-210c1371-b0c1-4ab2-afa8-4c41c3002545.jpg"
        }
      ],
      "order_total": 48
    }
  ]
}